<?xml version="1.0" encoding="UTF-8"?>
<GenRun Id="synth_1" LaunchPart="xc7a35tcpg236-1" LaunchTime="1708640231" LaunchIncrCheckpoint="$PSRCDIR/utils_1/imports/synth_1/top_module.dcp">
  <File Type="PA-TCL" Name="top_module.tcl"/>
  <File Type="REPORTS-TCL" Name="top_module_reports.tcl"/>
  <File Type="RDS-RDS" Name="top_module.vds"/>
  <File Type="RDS-UTIL" Name="top_module_utilization_synth.rpt"/>
  <File Type="RDS-UTIL-PB" Name="top_module_utilization_synth.pb"/>
  <File Type="RDS-DCP" Name="top_module.dcp"/>
  <FileSet Name="sources" Type="DesignSrcs" RelSrcDir="$PSRCDIR/sources_1" RelGenDir="$PGENDIR/sources_1">
    <Filter Type="Srcs"/>
    <File Path="$PSRCDIR/sources_1/new/sub_module1.vhd">
      <FileInfo>
        <Attr Name="ImportPath" Val="$PPRDIR/../LAB2/LAB2.srcs/sources_1/new/sub_module1.vhd"/>
        <Attr Name="ImportTime" Val="1707923514"/>
        <Attr Name="UsedIn" Val="synthesis"/>
        <Attr Name="UsedIn" Val="simulation"/>
      </FileInfo>
    </File>
    <File Path="$PSRCDIR/sources_1/new/sub_module2.vhd">
      <FileInfo>
        <Attr Name="ImportPath" Val="$PPRDIR/../LAB2/LAB2.srcs/sources_1/new/sub_module2.vhd"/>
        <Attr Name="ImportTime" Val="1707923521"/>
        <Attr Name="UsedIn" Val="synthesis"/>
        <Attr Name="UsedIn" Val="simulation"/>
      </FileInfo>
    </File>
    <File Path="$PSRCDIR/sources_1/new/top_module.vhd">
      <FileInfo>
        <Attr Name="ImportPath" Val="$PPRDIR/../LAB2/LAB2.srcs/sources_1/new/top_module.vhd"/>
        <Attr Name="ImportTime" Val="1707923529"/>
        <Attr Name="UsedIn" Val="synthesis"/>
        <Attr Name="UsedIn" Val="simulation"/>
      </FileInfo>
    </File>
    <Config>
      <Option Name="DesignMode" Val="RTL"/>
      <Option Name="TopModule" Val="top_module"/>
    </Config>
  </FileSet>
  <FileSet Name="constrs_in" Type="Constrs" RelSrcDir="$PSRCDIR/constrs_1" RelGenDir="$PGENDIR/constrs_1">
    <Filter Type="Constrs"/>
    <File Path="$PSRCDIR/constrs_1/new/constraints_basys3.xdc">
      <FileInfo>
        <Attr Name="ImportPath" Val="$PPRDIR/../LAB2/LAB2.srcs/constrs_1/new/constraints_basys3.xdc"/>
        <Attr Name="ImportTime" Val="1707905063"/>
        <Attr Name="UsedIn" Val="synthesis"/>
        <Attr Name="UsedIn" Val="implementation"/>
      </FileInfo>
    </File>
    <Config>
      <Option Name="ConstrsType" Val="XDC"/>
    </Config>
  </FileSet>
  <FileSet Name="utils" Type="Utils" RelSrcDir="$PSRCDIR/utils_1" RelGenDir="$PGENDIR/utils_1">
    <Filter Type="Utils"/>
    <File Path="$PSRCDIR/utils_1/imports/synth_1/top_module.dcp">
      <FileInfo>
        <Attr Name="ImportPath" Val="$PPRDIR/../LAB2/LAB2.srcs/utils_1/imports/synth_1/top_module.dcp"/>
        <Attr Name="ImportTime" Val="1707922716"/>
        <Attr Name="UsedIn" Val="synthesis"/>
        <Attr Name="UsedIn" Val="implementation"/>
        <Attr Name="UsedInSteps" Val="synth_1"/>
        <Attr Name="AutoDcp" Val="1"/>
      </FileInfo>
    </File>
    <Config>
      <Option Name="TopAutoSet" Val="TRUE"/>
    </Config>
  </FileSet>
  <Strategy Version="1" Minor="2">
    <StratHandle Name="Vivado Synthesis Defaults" Flow="Vivado Synthesis 2022"/>
    <Step Id="synth_design"/>
  </Strategy>
</GenRun>
